{
    "AddressColor": [
        1.0,
        1.0,
        1.0,
        1.0
    ],
    "BreakpointClickedColor": 4278190335,
    "BreakpointHoveredColor": 2147483903,
    "BytesColor": [
        1.0,
        1.0,
        1.0,
        1.0
    ],
    "TokenColors": {
        "Colon": [
            1.0,
            1.0,
            1.0,
            1.0
        ],
        "Comma": [
            1.0,
            1.0,
            1.0,
            1.0
        ],
        "Identifier": [
            1.0,
            1.0,
            1.0,
            1.0
        ],
        "Keyword": [
            0.847000002861023,
            0.6230000257492065,
            0.8619999885559082,
            1.0
        ],
        "LBracket": [
            1.0,
            1.0,
            1.0,
            1.0
        ],
        "Minus": [
            1.0,
            1.0,
            1.0,
            1.0
        ],
        "Number": [
            0.6349999904632568,
            0.7519999742507935,
            0.5450000166893005,
            1.0
        ],
        "Plus": [
            1.0,
            1.0,
            1.0,
            1.0
        ],
        "RBracket": [
            1.0,
            1.0,
            1.0,
            1.0
        ],
        "Register": [
            0.2150000035762787,
            0.6980000138282776,
            0.5839999914169312,
            1.0
        ]
    }
}